Frame,TimeElapsedMicros,RawDifference,RMSE,SelectedPixelDifference,POSIX
1,0,0,0,0,1721144310143
2,99.54166666666667,710291.0,4.1028414,2461770,1721144310242
3,199.64583333333331,689743.0,4.286648,2407200,1721144310342
4,300.02083333333337,650164.0,3.9152975,2105790,1721144310443
5,399.91666666666663,3223706.0,3.65486,487050,1721144310542
6,499.3333333333333,1010602.0,1.7486436,267750,1721144310642
7,599.3125,570130.0,4.483119,2274090,1721144310742
8,699.2916666666666,177206.0,0.8249626,83130,1721144310842
9,799.3125,724653.0,4.574462,2400315,1721144310942
10,899.6041666666666,425793.0,2.4029117,1254600,1721144311042
11,999.9583333333333,240012.0,0.84137213,0,1721144311142
12,1099.8958333333333,521311.0,1.0937748,0,1721144311242
13,1199.8958333333335,467625.0,4.293233,2443920,1721144311342
14,1299.6874999999998,539181.0,3.67737,2254455,1721144311442
15,1399.9583333333333,585289.0,2.201417,1007760,1721144311542
16,1500.0,323237.0,2.287535,1116645,1721144311643
17,1600.0416666666665,1194755.0,6.388009,3944595,1721144311743
18,1699.9374999999998,595074.0,4.4648776,2668065,1721144311842
19,1799.8958333333333,434918.0,2.902459,1726860,1721144311942
20,1899.9374999999998,328750.0,2.1923037,1356600,1721144312042
21,2000.1875,214067.0,1.04375,241995,1721144312143
22,2099.9791666666665,171231.0,0.77501667,72165,1721144312242
23,2199.4791666666665,836564.0,3.8988578,2409240,1721144312342
24,2299.6666666666665,1054572.0,5.9205046,4110600,1721144312442
25,2399.625,876269.0,5.71294,3744675,1721144312542
26,2499.625,350972.0,2.1764116,1396890,1721144312642
27,2599.291666666667,389185.0,2.8207383,1454010,1721144312742
28,2699.6249999999995,287146.0,1.8961377,944010,1721144312842
29,2799.9166666666665,352636.0,2.3208354,1336455,1721144312942
30,2900.3125,582937.0,3.0767374,1742160,1721144313043
31,3000.25,453878.0,1.9280939,938145,1721144313143
32,3100.1875,1545623.0,4.804494,2599215,1721144313243
33,3199.6666666666665,543969.0,4.292038,2488800,1721144313342
34,3300.0208333333335,243330.0,1.7359979,751740,1721144313443
35,3400.208333333333,3331396.0,4.1175337,1452735,1721144313543
36,3499.9791666666665,1269338.0,3.229104,1807695,1721144313642
37,3599.8541666666665,313404.0,2.6775575,1534845,1721144313742
38,3699.875,375934.0,1.2833331,328440,1721144313842
39,3799.895833333333,418987.0,2.1644385,1063095,1721144313942
40,3899.9791666666665,314033.0,1.2103921,430185,1721144314042
41,3999.9583333333335,385568.0,2.19807,1300245,1721144314142
42,4099.604166666666,402761.0,2.4154215,1550145,1721144314242
43,4199.5625,689470.0,2.538204,1368075,1721144314342
44,4299.458333333333,773408.0,5.219131,2926380,1721144314442
45,4400.020833333334,271961.0,1.4017003,536520,1721144314543
46,4500.083333333333,671909.0,2.860107,1476705,1721144314643
47,4599.854166666667,245238.0,1.2309573,585735,1721144314742
48,4699.625,516005.0,1.8362331,823650,1721144314842
49,4799.916666666666,489227.0,1.6797881,733125,1721144314942
50,4899.916666666667,824786.0,4.5456247,2528835,1721144315042
51,4999.666666666666,499771.0,3.7137396,2145315,1721144315142
52,5099.625,624299.0,3.2685046,1963245,1721144315242
53,5200.333333333333,597973.0,3.3806412,1999455,1721144315343
54,5299.645833333333,454991.0,2.2530959,1246950,1721144315442
55,5399.604166666666,622151.0,3.7096446,2174895,1721144315542
56,5499.604166666667,487422.0,2.547935,1404285,1721144315642
57,5599.604166666666,400128.0,1.7548591,828240,1721144315742
58,5699.645833333333,619195.0,3.5892656,1805145,1721144315842
59,5799.583333333334,324054.0,1.0841607,211140,1721144315942
60,5899.520833333333,456223.0,2.155153,885870,1721144316042
61,6000.208333333333,314157.0,1.5125575,259335,1721144316143
62,6099.875,578803.0,3.3454258,1880625,1721144316242
63,6199.833333333333,491563.0,2.9568696,1870680,1721144316342
64,6299.958333333334,610794.0,3.1805096,1964010,1721144316442
65,6399.895833333333,3254768.0,3.8291576,1071765,1721144316542
66,6499.895833333333,1040826.0,3.5298817,1990020,1721144316642
67,6599.979166666666,259377.0,2.1261902,1284690,1721144316742
68,6699.833333333333,537316.0,2.535318,1558305,1721144316842
69,6800.333333333333,2076291.0,7.856753,7067580,1721144316943
70,6899.999999999999,2881001.0,7.8745847,14019135,1721144317043
71,7000.1875,3240507.0,9.714711,18840930,1721144317143
72,7099.645833333333,1496659.0,6.4959126,6438495,1721144317242
73,7199.5625,1076783.0,6.6331773,4653240,1721144317342
74,7299.729166666666,895994.0,5.335123,4095555,1721144317442
75,7399.916666666666,2099983.0,8.674971,8685300,1721144317542
76,7499.958333333333,1245272.0,7.0050015,6283455,1721144317642
77,7600.208333333333,827842.0,6.1012917,4333725,1721144317743
78,7699.708333333333,321787.0,1.4010595,493425,1721144317842
79,7800.0625,679194.0,3.5045762,2255475,1721144317943
80,7899.791666666666,2751421.0,9.872236,13577220,1721144318042
81,7999.833333333333,3055798.0,9.281131,19870110,1721144318142
82,8099.916666666667,2532498.0,8.814839,15528735,1721144318242
83,8199.541666666666,1795610.0,7.2657533,9838920,1721144318342
84,8299.958333333332,1980297.0,8.152376,10924200,1721144318442
85,8400.208333333334,1561428.0,7.244346,7982010,1721144318543
86,8499.958333333334,522685.0,3.067462,2286075,1721144318642
87,8599.583333333334,908530.0,5.442862,3600090,1721144318742
88,8699.75,663750.0,3.319542,3179850,1721144318842
89,8800.125,1743850.0,7.5519495,9260835,1721144318943
90,8899.5625,1551619.0,6.4161406,7159635,1721144319042
91,8999.791666666666,1815079.0,6.9452033,7544175,1721144319142
92,9099.9375,1707438.0,6.208095,8723295,1721144319242
93,9199.666666666666,1149568.0,4.5585203,6163605,1721144319342
94,9299.9375,540757.0,3.5381572,2187390,1721144319442
95,9399.604166666666,3563165.0,4.540003,1773270,1721144319542
96,9499.958333333334,512653.0,1.8079631,892245,1721144319642
97,9599.791666666666,1261492.0,5.305558,5855055,1721144319742
98,9699.645833333334,1215090.0,5.5614405,5535285,1721144319842
99,9799.854166666666,521968.0,2.1291277,1680960,1721144319942
100,9901.395833333334,327824.0,1.732072,1088085,1721144320044
101,9999.833333333334,1706973.0,6.421619,6938040,1721144320142
102,10099.791666666666,1515542.0,6.859806,5709195,1721144320242
103,10199.354166666666,2322157.0,8.471881,9576270,1721144320342
104,10299.958333333332,3145485.0,8.743841,18503820,1721144320442
105,10399.770833333334,1982483.0,7.383982,11478825,1721144320542
106,10500.0,1063555.0,5.7722964,4625700,1721144320643
107,10599.854166666666,1392242.0,6.956942,4175115,1721144320742
108,10699.625,1228777.0,4.10071,4840410,1721144320842
109,10800.354166666666,1145031.0,4.0035477,4739940,1721144320943
110,10899.708333333332,1520042.0,4.9641843,5509275,1721144321042
111,10999.5,1119338.0,5.5138497,4269720,1721144321142
112,11099.583333333334,979824.0,4.2320404,3816330,1721144321242
113,11199.3125,1279875.0,4.997928,4878405,1721144321342
114,11299.8125,1460510.0,5.455252,6257700,1721144321442
115,11399.583333333332,1918981.0,7.5573215,9895785,1721144321542
116,11499.833333333334,462704.0,2.9271414,1851300,1721144321642
117,11599.520833333334,590464.0,3.3077283,2108595,1721144321742
118,11699.75,651892.0,3.1799438,1500930,1721144321842
119,11799.8125,1063921.0,4.635461,3185460,1721144321942
120,11899.75,1777004.0,6.9089394,8299995,1721144322042
121,11999.229166666666,1184363.0,5.239215,5195370,1721144322142
122,12099.604166666666,522120.0,2.695682,1664895,1721144322242
123,12199.916666666666,883366.0,4.14161,2710395,1721144322342
124,12299.75,725487.0,4.504074,2504100,1721144322442
125,12399.5,4026912.0,6.732929,4689960,1721144322542
126,12499.416666666666,1835183.0,7.2019587,4764165,1721144322642
127,12599.499999999998,449458.0,3.330446,2137410,1721144322742
128,12699.4375,1128926.0,7.166246,4612185,1721144322842
129,12799.4375,888900.0,5.8964877,3397365,1721144322942
130,12899.5,1100349.0,6.6011896,4599180,1721144323042
131,12999.416666666666,588083.0,3.2103603,2098905,1721144323142
132,13099.541666666668,378958.0,1.5395542,418710,1721144323242
133,13199.479166666666,1690900.0,7.363387,5656410,1721144323342
134,13299.541666666666,1522568.0,8.09797,6978075,1721144323442
135,13399.604166666666,1016678.0,6.466255,4726170,1721144323542
136,13499.895833333334,399213.0,2.1005692,935850,1721144323642
137,13599.499999999998,950269.0,5.2106194,3957345,1721144323742
138,13699.479166666666,3575631.0,11.613254,18736890,1721144323842
139,13799.854166666666,1083991.0,5.197936,5310885,1721144323942
140,13899.708333333332,726750.0,4.386509,4115190,1721144324042
141,13999.729166666666,600760.0,3.0218256,2765475,1721144324142
142,14099.729166666666,619659.0,3.776419,3000075,1721144324242
143,14199.729166666666,1335421.0,6.1405888,5722200,1721144324342
144,14299.8125,340053.0,1.8243026,1488690,1721144324442
145,14400.229166666666,441297.0,1.4661154,489855,1721144324543
146,14499.958333333334,342687.0,0.9359138,63495,1721144324642
147,14599.145833333334,306006.0,0.92972445,50235,1721144324742
148,14699.75,318972.0,1.2364167,338640,1721144324842
149,14799.5,253534.0,0.82708514,0,1721144324942
150,14899.4375,293727.0,1.0849166,125715,1721144325042
151,14999.833333333334,256550.0,0.7842122,0,1721144325142
152,15099.437499999998,608216.0,1.3353771,252960,1721144325242
153,15199.458333333332,401819.0,2.2458901,1889550,1721144325342
154,15299.458333333332,915061.0,2.0196545,1153620,1721144325442
155,15399.4375,3322187.0,3.7104945,354195,1721144325542
156,15499.416666666666,351770.0,1.061975,76245,1721144325642
157,15599.666666666666,267011.0,1.0606922,310590,1721144325742
158,15699.6875,690865.0,2.6394897,2171325,1721144325842
159,15799.833333333332,992335.0,4.470776,4279410,1721144325942
160,15899.708333333332,699138.0,4.532404,4142985,1721144326042
161,15999.729166666666,1650116.0,7.5564156,8514195,1721144326142
162,16099.458333333334,1438691.0,7.474849,6471900,1721144326242
163,16199.791666666666,856382.0,5.401333,3896655,1721144326342
164,16299.729166666666,640817.0,4.1693597,3148230,1721144326442
165,16399.75,355166.0,1.0303092,0,1721144326542
166,16499.75,339817.0,1.2569257,418965,1721144326642
167,16599.75,485985.0,2.530817,1918620,1721144326742
168,16699.958333333332,299943.0,1.1193867,240465,1721144326842
169,16799.6875,672507.0,1.8911134,1129395,1721144326942
170,16899.666666666664,264273.0,2.0377228,1383885,1721144327042
171,16999.75,326506.0,1.834079,1141890,1721144327142
172,17100.083333333336,359415.0,2.162113,1473135,1721144327243
173,17199.6875,235094.0,1.2538582,474045,1721144327342
174,17299.75,875488.0,5.384935,3549090,1721144327442
175,17399.8125,2684444.0,10.045498,13221495,1721144327542
176,17499.520833333332,2656690.0,8.438322,15709020,1721144327642
177,17600.229166666664,1046587.0,3.9758966,4561440,1721144327743
178,17699.145833333332,690374.0,3.934457,3248190,1721144327842
179,17799.729166666664,444327.0,2.8826604,2272050,1721144327942
180,17900.083333333332,603199.0,2.481636,1858185,1721144328043
181,17999.708333333336,1079023.0,5.4047284,4765695,1721144328142
182,18100.0625,1078707.0,2.7729774,1814070,1721144328243
183,18199.749999999996,1162903.0,4.7346077,5950935,1721144328342
184,18299.958333333332,1386781.0,4.3455553,4380645,1721144328442
185,18399.895833333332,3684798.0,4.706251,2995995,1721144328542
186,18499.958333333332,602311.0,1.4344548,205785,1721144328642
187,18599.8125,404600.0,1.2295526,320790,1721144328742
188,18699.958333333332,329776.0,1.1003186,392955,1721144328842
189,18799.770833333332,1092377.0,3.5705502,3485085,1721144328942
190,18899.666666666664,649581.0,3.5855381,2701980,1721144329042
191,19001.291666666668,475018.0,2.3273604,1613130,1721144329144
192,19099.708333333332,661969.0,2.1498566,1429275,1721144329242
193,19199.708333333332,759908.0,2.8750627,2015775,1721144329342
194,19299.666666666668,619262.0,2.6346664,2081565,1721144329442
195,19399.541666666668,1499429.0,5.936376,6699615,1721144329542
196,19499.458333333332,372704.0,2.4865127,2120580,1721144329642
197,19599.395833333332,1248185.0,5.3622026,5310630,1721144329742
198,19699.645833333332,1315609.0,5.31876,6358170,1721144329842
199,19800.041666666664,1554605.0,5.740107,7465125,1721144329943
200,19899.9375,751297.0,3.1263373,2696370,1721144330042
201,20000.041666666664,833978.0,3.7382772,3564390,1721144330143
202,20099.9375,677056.0,3.129842,2831520,1721144330242
203,20200.208333333332,688537.0,3.2701724,2743545,1721144330343
204,20299.625,601182.0,2.6997218,2413575,1721144330442
205,20399.583333333332,326727.0,1.458907,785400,1721144330542
206,20499.4375,303789.0,1.3063908,478380,1721144330642
207,20599.666666666668,505601.0,2.8755655,2317950,1721144330742
208,20699.125,308111.0,1.414771,902190,1721144330842
209,20799.291666666664,291243.0,1.4239321,909840,1721144330942
210,20899.708333333332,980805.0,3.6544771,3162000,1721144331042
211,21000.166666666664,854946.0,4.6963406,3900225,1721144331143
212,21099.625,1346996.0,4.3925757,3869625,1721144331242
213,21199.375,346197.0,1.7767484,1508325,1721144331342
214,21299.5625,1575307.0,3.64324,2999565,1721144331442
215,21399.6875,3387906.0,3.7857935,318240,1721144331542
216,21499.291666666664,739164.0,2.1044629,1547850,1721144331642
217,21599.520833333332,1170101.0,5.0368023,4961025,1721144331742
218,21699.604166666668,1176622.0,4.8072314,5301960,1721144331842
219,21799.354166666668,460877.0,1.7581968,1149795,1721144331942
220,21899.479166666664,757613.0,2.0683596,1615680,1721144332042
221,22000.0,229735.0,1.7732631,1240830,1721144332143
222,22099.479166666664,804668.0,4.4039,3792360,1721144332242
223,22199.666666666664,574783.0,3.5632997,2955195,1721144332342
224,22299.645833333332,623300.0,1.7676647,1150305,1721144332442
225,22399.645833333332,729556.0,2.7541754,2453100,1721144332542
226,22499.625,1204887.0,4.5996113,5102550,1721144332642
227,22599.8125,706157.0,2.8228455,2178210,1721144332742
228,22699.416666666664,1291372.0,4.7067065,6135300,1721144332842
229,22799.625,1201633.0,5.0639133,5508000,1721144332942
230,22899.354166666664,531061.0,2.3223038,1917345,1721144333042
231,22999.145833333332,486282.0,2.6859655,2417910,1721144333142
232,23099.333333333336,233443.0,0.76969135,0,1721144333242
233,23199.354166666664,189977.0,0.653263,0,1721144333342
234,23299.666666666668,439650.0,1.6789756,1238535,1721144333442
235,23400.187499999996,286391.0,1.0180879,200940,1721144333543
236,23499.604166666664,386947.0,2.1146839,1808205,1721144333642
237,23599.708333333332,351368.0,1.6706438,1063860,1721144333742
238,23699.604166666668,350932.0,1.9360185,1720995,1721144333842
239,23799.687499999996,248110.0,1.0507805,397290,1721144333942
240,23899.5625,912740.0,3.2113671,2467890,1721144334042
241,24000.166666666664,367469.0,1.6501558,999855,1721144334143
242,24099.333333333336,1374808.0,2.0148392,411825,1721144334242
243,24200.270833333332,198564.0,1.7187349,1438200,1721144334343
244,24299.395833333332,377295.0,1.1228533,317220,1721144334442
245,24399.958333333336,3546591.0,4.368114,2102220,1721144334542
246,24499.625,1713016.0,3.5385592,2844270,1721144334642
247,24599.562499999996,257690.0,1.4960259,849660,1721144334742
248,24699.479166666668,882642.0,4.902728,4224840,1721144334842
249,24799.645833333332,629799.0,2.2031138,1677390,1721144334942
250,24899.645833333332,225017.0,1.3385912,912135,1721144335042
251,25000.1875,556297.0,2.6134968,2081820,1721144335143
252,25099.3125,423180.0,2.3583128,2028780,1721144335242
253,25199.624999999996,564284.0,2.2588534,1718700,1721144335342
254,25299.062499999996,325990.0,1.1472151,545955,1721144335442
255,25399.333333333332,810844.0,3.0062687,2656845,1721144335542
256,25499.604166666664,641740.0,2.64899,2528070,1721144335642
257,25599.562499999996,307839.0,1.3107489,1004700,1721144335742
258,25699.583333333332,389584.0,1.5386158,1012350,1721144335842
259,25799.416666666664,569292.0,2.8500283,2545155,1721144335942
260,25899.458333333332,316067.0,1.1432263,440640,1721144336042
261,25999.770833333332,515765.0,2.8319604,2400315,1721144336142
262,26099.625,390537.0,1.6150883,1010565,1721144336242
263,26199.666666666664,218723.0,0.83127767,63240,1721144336342
264,26299.625,613606.0,2.9409556,2785110,1721144336442
265,26399.25,556621.0,2.9107192,2514810,1721144336542
266,26499.625,430858.0,2.2236612,1430295,1721144336642
267,26599.854166666668,2254305.0,7.006759,11259270,1721144336742
268,26699.624999999996,1606147.0,5.6142817,10057200,1721144336842
269,26799.604166666664,1321788.0,5.3739586,7297845,1721144336942
270,26899.3125,487763.0,1.8380659,929985,1721144337042
271,26999.291666666664,1778968.0,5.6808414,5701035,1721144337142
272,27099.208333333332,2521536.0,5.8688245,8182950,1721144337242
273,27199.333333333332,898485.0,4.9568934,4592040,1721144337342
274,27299.145833333336,1524780.0,5.840113,8564430,1721144337442
275,27399.291666666668,4538455.0,6.2946906,5102550,1721144337542
276,27499.541666666664,1829978.0,4.5366707,2868495,1721144337642
277,27599.333333333336,1496130.0,6.7753468,6979350,1721144337742
278,27699.520833333332,2175034.0,8.216524,12183900,1721144337842
279,27799.229166666668,1746915.0,6.9832635,8446110,1721144337942
280,27899.520833333332,1387951.0,6.600381,5980260,1721144338042
281,27999.604166666664,1680558.0,5.767856,7657650,1721144338142
282,28099.541666666668,2486226.0,8.671693,13734555,1721144338242
283,28199.541666666664,2391750.0,8.35684,12747195,1721144338342
284,28299.645833333332,1870318.0,7.732503,8041935,1721144338442
285,28399.979166666664,1235087.0,5.33814,5351175,1721144338542
286,28499.541666666664,632179.0,3.783633,2094060,1721144338642
287,28599.249999999996,1836650.0,8.110131,6517800,1721144338742
288,28699.25,1404871.0,7.354176,5735460,1721144338842
289,28799.645833333332,1072877.0,5.0017943,4272525,1721144338942
290,28899.1875,1305002.0,4.2914295,4869225,1721144339042
291,29000.208333333332,2323054.0,8.231469,11167725,1721144339143
292,29099.999999999996,3520374.0,11.097859,20763120,1721144339243
293,29200.208333333332,2760371.0,9.215246,16231005,1721144339343
294,29299.687499999996,2597077.0,9.223753,16051230,1721144339442
295,29399.229166666664,1696544.0,7.856614,8664900,1721144339542
296,29499.208333333332,1086454.0,5.770397,3713565,1721144339642
297,29599.5,1444518.0,6.205144,6342870,1721144339742
298,29699.312499999996,1041130.0,4.9470134,4037925,1721144339842
299,29799.5,1092394.0,5.7603154,5171655,1721144339942
300,29899.729166666668,660762.0,3.1774268,2890680,1721144340042
301,29999.708333333332,1522457.0,5.746381,5312925,1721144340142
302,30099.854166666668,980043.0,4.8973174,5021205,1721144340242
303,30199.479166666668,763549.0,3.8837779,3273945,1721144340342
304,30299.520833333332,1163385.0,4.4726906,4030530,1721144340442
305,30400.3125,3964550.0,5.405425,3512880,1721144340543
306,30499.270833333336,668854.0,1.6478918,786420,1721144340642
307,30599.270833333332,1160739.0,4.7035685,4729995,1721144340742
308,30699.937499999996,631639.0,2.5530143,1801065,1721144340842
309,30799.958333333332,1460205.0,5.902615,5653095,1721144340942
310,30899.229166666664,2553384.0,7.9605346,14691570,1721144341042
311,30999.229166666664,740231.0,3.2402806,2663985,1721144341142
312,31099.229166666668,510461.0,2.2339993,1383120,1721144341242
313,31199.229166666664,1455731.0,5.1607127,4741980,1721144341342
314,31299.229166666668,845841.0,3.5686314,3397110,1721144341442
315,31399.208333333336,1285764.0,5.888132,6574665,1721144341542
316,31499.270833333336,525253.0,2.991857,2154240,1721144341642
317,31599.270833333332,753801.0,3.0255373,2299845,1721144341742
318,31699.229166666664,1116570.0,5.1983905,3973410,1721144341842
319,31799.354166666668,526071.0,1.9841384,1279845,1721144341942
320,31899.458333333332,585513.0,2.9875968,2163165,1721144342042
321,31999.479166666668,709601.0,3.7816894,2828715,1721144342142
322,32099.5,804836.0,3.76039,3109980,1721144342242
323,32199.458333333332,947824.0,4.2760544,3176025,1721144342342
324,32299.729166666664,1019127.0,4.4984913,3858915,1721144342442
325,32400.1875,779221.0,3.5817392,2725185,1721144342543
326,32499.520833333336,808527.0,3.9966247,3150525,1721144342642
327,32599.4375,928078.0,3.1423364,3329790,1721144342742
328,32699.458333333332,558454.0,2.518926,1903575,1721144342842
329,32799.1875,1105915.0,4.722354,4718520,1721144342942
330,32899.520833333336,466641.0,1.6672841,779535,1721144343042
331,32999.583333333336,892925.0,4.1536083,3268845,1721144343142
332,33099.47916666667,407503.0,2.3687146,1967580,1721144343242
333,33199.58333333333,701884.0,2.2895968,1458090,1721144343342
334,33299.8125,478905.0,1.9748392,1409895,1721144343442
335,33399.66666666667,3503931.0,4.109601,1603440,1721144343542
336,33499.479166666664,1232436.0,4.4102187,5444250,1721144343642
337,33599.20833333333,888307.0,4.374934,4142985,1721144343742
338,33700.041666666664,569999.0,3.052979,2541075,1721144343843
339,33799.229166666664,614580.0,3.8549776,3045720,1721144343942
340,33900.0625,911642.0,3.964369,4148595,1721144344043
341,33999.520833333336,650037.0,2.7318952,2180760,1721144344142
342,34099.5,501760.0,2.2223551,1778625,1721144344242
343,34199.5,339255.0,1.3225881,588795,1721144344342
344,34299.1875,1365432.0,4.8827305,7458750,1721144344442
345,34399.291666666664,1453493.0,5.3146024,8464215,1721144344542
346,34499.5,1360147.0,5.2314715,7889445,1721144344642
347,34599.25,700143.0,3.3528879,3333105,1721144344742
348,34699.8125,626353.0,2.8195798,2477325,1721144344842
349,34799.89583333333,570422.0,1.5916283,850170,1721144344942
350,34899.166666666664,417391.0,1.1516453,321300,1721144345042
351,34999.45833333333,957899.0,3.0440414,2828715,1721144345142
352,35099.645833333336,327198.0,1.0412234,195075,1721144345242
353,35199.4375,537033.0,1.4326779,618630,1721144345342
354,35299.166666666664,460501.0,1.6231071,1129905,1721144345442
355,35399.291666666664,851867.0,2.7658288,2740740,1721144345542
356,35499.14583333333,658934.0,2.7246056,2477580,1721144345642
357,35599.93749999999,546406.0,2.0514808,1514445,1721144345742
358,35699.104166666664,387112.0,1.530149,620160,1721144345842
359,35799.395833333336,481910.0,1.9758885,1505010,1721144345942
360,35899.1875,524876.0,2.3395944,1858185,1721144346042
361,35999.5,361605.0,1.5561441,818040,1721144346142
362,36099.16666666667,270584.0,1.1026562,462825,1721144346242
363,36199.77083333333,362260.0,1.8039834,1167135,1721144346342
364,36299.125,354109.0,1.6106277,1078140,1721144346442
365,36399.33333333333,3241010.0,3.7780256,1255875,1721144346542
366,36498.916666666664,827659.0,1.624053,523515,1721144346641
367,36599.16666666667,402429.0,2.4026127,1899240,1721144346742
368,36699.479166666664,320488.0,1.0067188,124950,1721144346842
369,36799.60416666667,218638.0,0.76790255,66810,1721144346942
370,36899.583333333336,523485.0,1.1599119,117300,1721144347042
371,36999.41666666667,284022.0,1.1813,651015,1721144347142
372,37099.62499999999,542476.0,1.8310266,1086045,1721144347242
373,37199.416666666664,161744.0,0.86033773,273615,1721144347342
374,37299.458333333336,872990.0,3.4231675,3101820,1721144347442
375,37399.75,2306735.0,7.476494,14174685,1721144347542
376,37499.1875,2458928.0,9.036527,14740275,1721144347642
377,37599.14583333333,524139.0,2.3953824,1839315,1721144347742
378,37699.104166666664,436121.0,1.548098,597210,1721144347842
379,37799.104166666664,716609.0,2.844568,2892465,1721144347942
380,37899.145833333336,791994.0,3.0089395,3645480,1721144348042
381,37999.479166666664,828496.0,3.2599661,3953520,1721144348142
382,38099.52083333333,861983.0,3.6029575,3935925,1721144348242
383,38199.125,2294985.0,7.8338084,13485675,1721144348342
384,38299.43749999999,822406.0,3.4728153,3780630,1721144348442
385,38399.4375,830676.0,3.3150647,4140180,1721144348542
386,38499.354166666664,1618572.0,6.160703,10537875,1721144348642
387,38599.75,839056.0,3.8956206,3842085,1721144348742
388,38699.37499999999,1507947.0,5.1686606,7957020,1721144348842
389,38799.25,1092590.0,3.837322,5174205,1721144348942
390,38899.729166666664,719572.0,3.358776,3539400,1721144349042
391,38999.604166666664,378872.0,1.7426968,713235,1721144349142
392,39099.77083333333,1230958.0,4.5892863,6399735,1721144349242
393,39199.729166666664,491559.0,2.225129,1494810,1721144349342
394,39299.64583333333,945043.0,3.676667,4218210,1721144349442
395,39399.66666666667,4021972.0,5.519916,4832505,1721144349542
396,39499.333333333336,1161782.0,2.6437793,1524645,1721144349642
397,39599.14583333333,644878.0,3.41726,3402975,1721144349742
398,39699.22916666667,783605.0,3.1196823,2903175,1721144349842
399,39799.375,830228.0,3.587781,3676590,1721144349942
400,39899.33333333333,742685.0,3.4143844,3703365,1721144350042
401,39999.375,540821.0,2.3678176,2126445,1721144350142
402,40099.4375,709261.0,2.6010773,2768280,1721144350242
403,40199.333333333336,781139.0,3.9380167,3529965,1721144350342
404,40299.375,1937580.0,6.520575,11519115,1721144350442
405,40400.166666666664,1598222.0,5.405815,9910830,1721144350543
406,40499.39583333333,1612865.0,5.5995655,9505380,1721144350642
407,40599.125,1210132.0,4.576945,6546360,1721144350742
408,40699.9375,857976.0,3.5962698,3352485,1721144350842
409,40799.354166666664,1373895.0,4.8938456,8348955,1721144350942
410,40899.6875,1832402.0,6.5171,11650950,1721144351042
411,40999.354166666664,957533.0,3.7071195,4945215,1721144351142
412,41099.104166666664,1215924.0,4.843828,5974140,1721144351242
413,41199.85416666667,2110036.0,7.7460947,12508005,1721144351342
414,41299.9375,2212581.0,7.808424,13319415,1721144351442
415,41399.35416666667,2269407.0,7.884226,13388775,1721144351542
416,41499.4375,1438254.0,5.481168,9070860,1721144351642
417,41599.4375,1453740.0,5.034102,9972540,1721144351742
418,41700.020833333336,1818241.0,7.1822963,11705520,1721144351843
419,41799.395833333336,1737000.0,6.521863,11522430,1721144351942
420,41899.479166666664,792911.0,3.234066,3667665,1721144352042
421,41999.125,1770392.0,5.6210217,10547565,1721144352142
422,42100.041666666664,1740294.0,6.613817,11362800,1721144352243
423,42199.5625,1039919.0,3.8299031,5690070,1721144352342
424,42299.458333333336,2787050.0,9.688509,16485495,1721144352442
425,42399.3125,4676079.0,7.090905,8540715,1721144352542
426,42500.08333333333,1265990.0,3.0557222,2818515,1721144352643
427,42599.291666666664,413062.0,2.806142,2298825,1721144352742
428,42699.604166666664,903944.0,3.827786,2950350,1721144352842
429,42799.08333333333,449884.0,1.5502666,550800,1721144352942
430,42899.3125,594609.0,2.5129755,1654185,1721144353042
431,42999.4375,681969.0,3.05476,2662710,1721144353142
432,43099.3125,592271.0,3.0663488,2339370,1721144353242
433,43199.416666666664,1624238.0,5.1031175,5044665,1721144353342
434,43299.3125,1373174.0,5.1657505,7087725,1721144353442
435,43399.4375,1185472.0,5.052476,5960370,1721144353542
436,43498.99999999999,967369.0,4.184589,4761105,1721144353642
437,43599.125,1177816.0,4.9682813,5472555,1721144353742
438,43699.12499999999,421326.0,1.8178211,816000,1721144353842
439,43799.3125,1452686.0,4.9936566,5764785,1721144353942
440,43899.0625,791732.0,4.317287,4020330,1721144354042
441,43999.39583333333,755741.0,4.1105447,3491715,1721144354142
442,44099.041666666664,946887.0,3.8427634,3253035,1721144354242
443,44199.729166666664,269348.0,1.3202605,489345,1721144354342
444,44299.08333333333,887660.0,3.602453,2814180,1721144354442
445,44399.4375,1227790.0,4.867154,5216535,1721144354542
446,44499.3125,917585.0,4.594593,4754220,1721144354642
447,44599.20833333333,461618.0,1.5443685,841500,1721144354742
448,44699.0625,770365.0,3.7358878,2833050,1721144354842
449,44799.354166666664,415852.0,1.6158806,708390,1721144354942
450,44899.208333333336,657659.0,2.9751608,2388840,1721144355042
451,44999.291666666664,399597.0,1.8357378,1343850,1721144355142
452,45099.27083333333,397377.0,1.6099714,1244400,1721144355242
453,45199.104166666664,1411028.0,4.260396,4484175,1721144355342
454,45299.395833333336,332897.0,1.690907,1155405,1721144355442
455,45399.33333333333,3560488.0,4.300301,1647810,1721144355542
456,45499.375,575429.0,2.6138453,2522460,1721144355642
457,45599.583333333336,660883.0,3.7013013,3638850,1721144355742
458,45699.041666666664,564091.0,2.7971804,2582640,1721144355842
459,45799.291666666664,201938.0,0.92663956,258825,1721144355942
460,45899.291666666664,433950.0,1.2331549,248625,1721144356042
461,45999.291666666664,289266.0,0.8661214,97665,1721144356142
462,46099.93749999999,294659.0,1.0309225,297330,1721144356242
463,46199.27083333333,452092.0,2.3032043,1543260,1721144356342
464,46298.833333333336,856187.0,2.7439122,2075955,1721144356441
465,46399.041666666664,435070.0,2.485567,2112165,1721144356542
466,46498.68749999999,436718.0,2.3546138,1780410,1721144356641
467,46598.791666666664,653925.0,2.1399875,1424940,1721144356741
468,46699.041666666664,148994.0,0.64262027,30855,1721144356842
469,46799.125,946832.0,3.3661742,3706425,1721144356942
470,46899.9375,1454870.0,5.823959,7305495,1721144357042
471,46999.270833333336,1149326.0,4.467329,5635500,1721144357142
472,47099.020833333336,2345224.0,7.6532965,14746905,1721144357242
473,47199.0,1016349.0,4.202644,6326550,1721144357342
474,47299.33333333333,1094863.0,4.1060233,6658305,1721144357442
475,47398.958333333336,1053972.0,4.2248044,6354855,1721144357541
476,47499.354166666664,563209.0,3.0880644,2642310,1721144357642
477,47599.333333333336,692471.0,3.003281,2741505,1721144357742
478,47699.354166666664,1051878.0,3.8917964,4844745,1721144357842
479,47798.70833333333,821398.0,3.562612,3521295,1721144357941
480,47899.583333333336,511490.0,2.8178499,2394195,1721144358042
481,47999.166666666664,707917.0,3.265569,3249210,1721144358142
482,48099.25,510417.0,2.3182821,2053005,1721144358242
483,48198.979166666664,1158511.0,3.405852,3487890,1721144358341
484,48298.95833333333,434355.0,2.153524,2177190,1721144358441
485,48398.979166666664,3664747.0,4.824314,4515030,1721144358541
486,48498.916666666664,1259091.0,2.9878535,2552550,1721144358641
487,48599.041666666664,276318.0,1.507192,910605,1721144358742
488,48699.041666666664,1105159.0,4.277385,5936400,1721144358842
489,48799.229166666664,1019747.0,4.1090198,6064155,1721144358942
490,48899.24999999999,544750.0,2.7100506,2681580,1721144359042
491,48999.020833333336,1518043.0,5.547077,8246190,1721144359142
492,49099.3125,837286.0,3.4255526,4632840,1721144359242
493,49199.25,929843.0,3.882919,5091330,1721144359342
494,49299.27083333333,944833.0,3.559914,4050165,1721144359442
495,49399.33333333333,686880.0,2.3123114,1795200,1721144359542
496,49498.89583333333,733510.0,2.9951243,2692035,1721144359641
497,49599.916666666664,408010.0,1.541354,1049070,1721144359742
498,49699.416666666664,1159629.0,4.2410207,6335220,1721144359842
499,49799.39583333333,1973660.0,6.742695,11577000,1721144359942
500,49898.958333333336,992778.0,4.086405,4852140,1721144360041
501,49999.625,918861.0,4.2669845,4495140,1721144360142
502,50099.229166666664,850963.0,3.502765,3609780,1721144360242
503,50199.58333333333,698950.0,2.8976095,2637210,1721144360342
504,50299.458333333336,540455.0,2.8293722,2215185,1721144360442
505,50398.75,856961.0,3.6603448,4172565,1721144360541
506,50498.645833333336,763547.0,3.4512656,3728355,1721144360641
507,50599.041666666664,368760.0,1.4134893,798405,1721144360742
508,50699.625,580609.0,1.8555714,753525,1721144360842
509,50799.145833333336,977594.0,4.079176,5359590,1721144360942
510,50900.02083333333,373393.0,1.7812716,1267350,1721144361043
511,50998.875,901833.0,3.4782038,3433320,1721144361141
512,51099.1875,214430.0,1.1183976,318495,1721144361242
513,51199.104166666664,645528.0,2.1909163,1835490,1721144361342
514,51299.6875,866348.0,3.2560108,3529710,1721144361442
515,51398.958333333336,3305646.0,3.7579794,953700,1721144361541
516,51499.229166666664,888576.0,2.3675175,1992060,1721144361642
517,51598.6875,459033.0,2.4930584,2149140,1721144361741
518,51699.229166666664,531112.0,1.8160198,1431825,1721144361842
519,51799.27083333333,916034.0,3.6339507,3793635,1721144361942
520,51899.270833333336,862019.0,3.3237755,3555210,1721144362042
521,51999.1875,586932.0,2.454283,2323815,1721144362142
522,52099.229166666664,653550.0,2.7987857,2634660,1721144362242
523,52198.875,797420.0,3.2067971,3552660,1721144362341
524,52299.291666666664,803678.0,3.3616593,3841575,1721144362442
525,52399.270833333336,732134.0,3.119689,3127320,1721144362542
526,52499.291666666664,341079.0,1.3189253,409785,1721144362642
527,52598.666666666664,1199512.0,3.7365475,4713420,1721144362741
528,52699.166666666664,587781.0,3.19732,3617430,1721144362842
529,52799.3125,221109.0,0.92712563,210885,1721144362942
530,52898.583333333336,711413.0,2.4158762,1893120,1721144363041
531,52998.854166666664,197800.0,0.9008502,84915,1721144363141
532,53099.25,468114.0,1.2112033,309060,1721144363242
533,53199.229166666664,546594.0,1.6113108,922590,1721144363342
534,53299.479166666664,474316.0,1.6776472,1100070,1721144363442
535,53398.93749999999,469551.0,1.6842432,1436160,1721144363541
536,53498.9375,467792.0,1.2700924,370260,1721144363641
537,53599.541666666664,1002306.0,4.1205893,4399005,1721144363742
538,53698.916666666664,528224.0,3.2513216,3050565,1721144363841
539,53798.9375,424763.0,1.4883118,616080,1721144363941
540,53898.958333333336,746085.0,2.9201367,3210705,1721144364041
541,53998.916666666664,675264.0,2.799864,2635680,1721144364141
542,54099.25,341808.0,1.2426357,511020,1721144364242
543,54199.89583333333,435235.0,1.8684936,1520820,1721144364342
544,54299.3125,363851.0,1.2457402,632400,1721144364442
545,54399.229166666664,3228668.0,3.5886776,90270,1721144364542
546,54499.5,1235909.0,2.3908293,1771485,1721144364642
547,54599.416666666664,573806.0,3.230025,3106665,1721144364742
548,54699.25,435524.0,2.18282,1875270,1721144364842
549,54799.49999999999,592977.0,2.7698925,2880990,1721144364942
550,54899.14583333333,769856.0,3.083673,3029400,1721144365042
551,54999.20833333333,326386.0,1.099335,33915,1721144365142
552,55099.166666666664,392779.0,1.5287579,686970,1721144365242
553,55199.20833333333,315869.0,1.1747066,497505,1721144365342
554,55299.25,855715.0,2.453781,1653675,1721144365442
555,55399.625,1242881.0,5.1630898,6877350,1721144365542
556,55499.604166666664,535392.0,2.2738879,1661070,1721144365642
557,55599.166666666664,1110177.0,4.46518,4575465,1721144365742
558,55699.27083333333,931651.0,3.416012,4311285,1721144365842
559,55799.18749999999,397834.0,1.8103958,1067940,1721144365942
560,55899.291666666664,690503.0,2.4835212,2435250,1721144366042
561,55998.77083333333,422046.0,1.6880976,921825,1721144366141
562,56099.229166666664,704324.0,2.853272,2859570,1721144366242
563,56199.166666666664,477304.0,2.3597608,1904595,1721144366342
564,56299.64583333333,616491.0,2.7946763,2355435,1721144366442
565,56399.14583333333,320456.0,1.2670168,710685,1721144366542
566,56499.125,855817.0,3.6462219,3916800,1721144366642
567,56599.1875,1110645.0,4.3923683,5696445,1721144366742
568,56698.5625,750016.0,3.455833,3433575,1721144366841
569,56799.3125,657967.0,2.6708064,2871045,1721144366942
570,56898.916666666664,584176.0,2.8282979,2633385,1721144367041
571,57000.02083333333,446449.0,1.5874946,982260,1721144367143
572,57099.541666666664,343560.0,1.527988,889950,1721144367242
573,57199.02083333333,790570.0,2.8843331,2323560,1721144367342
574,57298.9375,747140.0,3.9569407,4111875,1721144367441
575,57399.4375,3586322.0,4.7252307,3329025,1721144367542
576,57498.875,799142.0,2.2185073,1821465,1721144367641
577,57599.25,297644.0,1.4453595,737715,1721144367742
578,57698.6875,850696.0,3.1553292,2939385,1721144367841
579,57798.75,568472.0,2.010742,1521330,1721144367941
